Model,FPR,TPR,Threshold
LR,0.0,0.0,1.8633815808268055
LR,0.0,0.00267379679144385,0.8633815808268055
LR,0.0,0.008021390374331552,0.833750597121411
LR,0.0006891798759476223,0.008021390374331552,0.8178479446770245
LR,0.0006891798759476223,0.02406417112299465,0.77309925862579
LR,0.0013783597518952446,0.02406417112299465,0.7665586346280739
LR,0.0013783597518952446,0.0374331550802139,0.7250183790283266
LR,0.002067539627842867,0.0374331550802139,0.7196903396917498
LR,0.002067539627842867,0.040106951871657755,0.7163811788165624
LR,0.004135079255685734,0.040106951871657755,0.7056469142687081
LR,0.004135079255685734,0.0427807486631016,0.7052707376845614
LR,0.004824259131633356,0.0427807486631016,0.7025216162524374
LR,0.004824259131633356,0.06149732620320856,0.6674011427336706
LR,0.005513439007580979,0.06149732620320856,0.6663477671579917
LR,0.005513439007580979,0.06417112299465241,0.6654713695633689
LR,0.006202618883528601,0.06417112299465241,0.6630493483730735
LR,0.006202618883528601,0.06684491978609626,0.659712876547713
LR,0.008270158511371467,0.06684491978609626,0.6516919560009877
LR,0.008270158511371467,0.0748663101604278,0.6461139011756768
LR,0.009648518263266712,0.0748663101604278,0.6414430226131111
LR,0.009648518263266712,0.08021390374331551,0.6332694486313154
LR,0.01171605789110958,0.08021390374331551,0.6290167437163056
LR,0.01171605789110958,0.0855614973262032,0.6260572947254159
LR,0.012405237767057202,0.0855614973262032,0.6232905840508406
LR,0.012405237767057202,0.09893048128342247,0.6098740381317773
LR,0.013094417643004824,0.09893048128342247,0.608666679900244
LR,0.013094417643004824,0.10427807486631016,0.6072384859424791
LR,0.013783597518952447,0.10427807486631016,0.6058280126888501
LR,0.013783597518952447,0.10962566844919786,0.6032498577418605
LR,0.014472777394900068,0.10962566844919786,0.6031003858408818
LR,0.014472777394900068,0.11497326203208556,0.5987868049953188
LR,0.015161957270847692,0.11497326203208556,0.597004267577899
LR,0.015161957270847692,0.11764705882352941,0.5952174410163111
LR,0.016540317022742935,0.11764705882352941,0.5934972049992386
LR,0.016540317022742935,0.12566844919786097,0.5890291689178991
LR,0.018607856650585803,0.12566844919786097,0.5875159110543211
LR,0.018607856650585803,0.13101604278074866,0.5754998601913787
LR,0.019297036526533425,0.13101604278074866,0.5744396944851059
LR,0.019297036526533425,0.13368983957219252,0.5743805322037854
LR,0.019986216402481046,0.13368983957219252,0.5741977699068916
LR,0.019986216402481046,0.14705882352941177,0.5661453799449927
LR,0.02067539627842867,0.14705882352941177,0.5624438237295825
LR,0.02067539627842867,0.15240641711229946,0.5555125186396268
LR,0.021364576154376293,0.15240641711229946,0.5552228254169714
LR,0.021364576154376293,0.15508021390374332,0.5491119696606719
LR,0.022053756030323914,0.15508021390374332,0.5448112118819076
LR,0.022053756030323914,0.15775401069518716,0.5435375793357321
LR,0.022742935906271536,0.15775401069518716,0.542681176329494
LR,0.022742935906271536,0.1657754010695187,0.5363410977887575
LR,0.02343211578221916,0.1657754010695187,0.5341140507542631
LR,0.02343211578221916,0.16844919786096257,0.5320081212723821
LR,0.026188835286009647,0.16844919786096257,0.5265164010437364
LR,0.026188835286009647,0.17914438502673796,0.5235788417952868
LR,0.030323914541695383,0.17914438502673796,0.5186197982059638
LR,0.030323914541695383,0.18449197860962566,0.5173753315644524
LR,0.031013094417643005,0.18449197860962566,0.5138073828491899
LR,0.031013094417643005,0.18716577540106952,0.5129139712877981
LR,0.03583735354927636,0.18716577540106952,0.502387198767502
LR,0.03583735354927636,0.19518716577540107,0.5009098785406676
LR,0.037215713301171606,0.19518716577540107,0.4974002544896124
LR,0.037215713301171606,0.20053475935828877,0.496900880153911
LR,0.03790489317711923,0.20053475935828877,0.4968994289035709
LR,0.03790489317711923,0.20320855614973263,0.4953787902404097
LR,0.04066161268090972,0.20320855614973263,0.4909390309465405
LR,0.04066161268090972,0.20588235294117646,0.4890041877235604
LR,0.04203997243280496,0.20588235294117646,0.4871212168364243
LR,0.04203997243280496,0.21122994652406418,0.4856440932103476
LR,0.042729152308752585,0.21122994652406418,0.4853663543739363
LR,0.042729152308752585,0.21657754010695188,0.4813212490205048
LR,0.04410751206064783,0.21657754010695188,0.4809227638117432
LR,0.04410751206064783,0.22727272727272727,0.4783818928608268
LR,0.044796691936595454,0.22727272727272727,0.4767259111234939
LR,0.044796691936595454,0.232620320855615,0.4747149150628159
LR,0.04686423156443832,0.232620320855615,0.4718246724247635
LR,0.04686423156443832,0.23529411764705882,0.4716542901900526
LR,0.04755341144038594,0.23529411764705882,0.471318791137583
LR,0.04755341144038594,0.24064171122994651,0.467418095019186
LR,0.04962095106822881,0.24064171122994651,0.4639878034089522
LR,0.04962095106822881,0.24598930481283424,0.4618418804743266
LR,0.051688490696071676,0.24598930481283424,0.4585066099259213
LR,0.051688490696071676,0.24866310160427807,0.4576639175569225
LR,0.052377670572019294,0.24866310160427807,0.454929358847462
LR,0.052377670572019294,0.25133689839572193,0.4548621277640867
LR,0.05306685044796692,0.25133689839572193,0.4542998160230003
LR,0.05306685044796692,0.2540106951871658,0.4503146871556314
LR,0.053756030323914544,0.2540106951871658,0.4502533588051256
LR,0.053756030323914544,0.25935828877005346,0.4493151308369005
LR,0.05513439007580979,0.25935828877005346,0.4476821994621293
LR,0.05513439007580979,0.2620320855614973,0.4460763138291644
LR,0.057201929703652656,0.2620320855614973,0.4408603954380678
LR,0.057201929703652656,0.26737967914438504,0.4386790098741356
LR,0.057891109579600274,0.26737967914438504,0.4380460351128715
LR,0.057891109579600274,0.2700534759358289,0.4359547692786815
LR,0.059269469331495524,0.2700534759358289,0.4309754701536328
LR,0.059269469331495524,0.2727272727272727,0.4294567782645193
LR,0.06064782908339077,0.2727272727272727,0.4274417311590338
LR,0.06064782908339077,0.2807486631016043,0.4261028200814962
LR,0.06271536871123363,0.2807486631016043,0.423285683059917
LR,0.06271536871123363,0.28609625668449196,0.4228752122800889
LR,0.06409372846312887,0.28609625668449196,0.4211600962897912
LR,0.06409372846312887,0.2914438502673797,0.41955657310949
LR,0.0647829083390765,0.2914438502673797,0.4182824521070536
LR,0.0647829083390765,0.30213903743315507,0.4133963735773888
LR,0.06547208821502412,0.30213903743315507,0.4131973321278673
LR,0.06547208821502412,0.31016042780748665,0.4112971283004203
LR,0.06616126809097174,0.31016042780748665,0.4111314819638071
LR,0.06616126809097174,0.32085561497326204,0.4053017790277316
LR,0.06685044796691937,0.32085561497326204,0.4040919167629306
LR,0.06685044796691937,0.32620320855614976,0.4034117208468316
LR,0.06753962784286699,0.32620320855614976,0.4033710982651931
LR,0.06753962784286699,0.32887700534759357,0.4026465740445514
LR,0.06891798759476224,0.32887700534759357,0.3992245262397099
LR,0.06891798759476224,0.3315508021390374,0.3986498090430625
LR,0.0709855272226051,0.3315508021390374,0.396080153932708
LR,0.0709855272226051,0.3342245989304813,0.3954758288100404
LR,0.07167470709855273,0.3342245989304813,0.394362185515734
LR,0.07167470709855273,0.33689839572192515,0.3938759217522964
LR,0.07236388697450034,0.33689839572192515,0.3938037219939437
LR,0.07236388697450034,0.339572192513369,0.3935679956902735
LR,0.07305306685044796,0.339572192513369,0.3933985552589464
LR,0.07305306685044796,0.34759358288770054,0.3903014734971422
LR,0.07512060647829083,0.34759358288770054,0.3892322928167237
LR,0.07512060647829083,0.3502673796791444,0.389080785775928
LR,0.07649896623018608,0.3502673796791444,0.3888128009477203
LR,0.07649896623018608,0.35294117647058826,0.3885845135081333
LR,0.08063404548587182,0.35294117647058826,0.3858170698760361
LR,0.08063404548587182,0.35561497326203206,0.3849849584011187
LR,0.0833907649896623,0.35561497326203206,0.3840592429927149
LR,0.0833907649896623,0.3663101604278075,0.3818297261066135
LR,0.08476912474155755,0.3663101604278075,0.380718651785681
LR,0.08476912474155755,0.3716577540106952,0.379921569290657
LR,0.08614748449345279,0.3716577540106952,0.3778603341860221
LR,0.08614748449345279,0.37433155080213903,0.3775102701100417
LR,0.08890420399724328,0.37433155080213903,0.3737138486364211
LR,0.08890420399724328,0.37967914438502676,0.3731529798693873
LR,0.08959338387319091,0.37967914438502676,0.3722424418144001
LR,0.08959338387319091,0.38235294117647056,0.3719306993432275
LR,0.09028256374913853,0.38235294117647056,0.3717020379238834
LR,0.09028256374913853,0.3850267379679144,0.3716394890046484
LR,0.09097174362508614,0.3850267379679144,0.369530160212747
LR,0.09097174362508614,0.39037433155080214,0.3680507629375767
LR,0.0923501033769814,0.39037433155080214,0.3673787304083936
LR,0.0923501033769814,0.393048128342246,0.3653485960555132
LR,0.09372846312887664,0.393048128342246,0.3648583222489106
LR,0.09372846312887664,0.3983957219251337,0.3644833325057374
LR,0.09510682288077188,0.3983957219251337,0.362828836028336
LR,0.09510682288077188,0.40641711229946526,0.3610646656777168
LR,0.09648518263266713,0.40641711229946526,0.3605193351385418
LR,0.09648518263266713,0.4144385026737968,0.3581585034270835
LR,0.09786354238456237,0.4144385026737968,0.3565845900984103
LR,0.09786354238456237,0.41711229946524064,0.3562975602964971
LR,0.09993108201240523,0.41711229946524064,0.3546799387143476
LR,0.09993108201240523,0.42245989304812837,0.353249737525009
LR,0.10337698139214335,0.42245989304812837,0.3492696833007785
LR,0.10337698139214335,0.42513368983957217,0.3490773290286887
LR,0.10406616126809097,0.42513368983957217,0.3490583871532006
LR,0.10406616126809097,0.4304812834224599,0.3473367200999674
LR,0.10544452101998622,0.4304812834224599,0.3458954725216374
LR,0.10544452101998622,0.4411764705882353,0.3434800453884291
LR,0.10751206064782909,0.4411764705882353,0.3419998479798855
LR,0.10751206064782909,0.44385026737967914,0.3413851271204304
LR,0.11233631977946244,0.44385026737967914,0.335667102967963
LR,0.11233631977946244,0.45187165775401067,0.3349026957247621
LR,0.11509303928325293,0.45187165775401067,0.3331371957917003
LR,0.11509303928325293,0.4625668449197861,0.3314313062183641
LR,0.11784975878704342,0.4625668449197861,0.3300757358145349
LR,0.11784975878704342,0.46524064171123,0.3284501480051598
LR,0.11922811853893867,0.46524064171123,0.327966763055741
LR,0.11922811853893867,0.4679144385026738,0.3277532365449102
LR,0.12198483804272915,0.4679144385026738,0.3265412883626722
LR,0.12198483804272915,0.47058823529411764,0.3254269824168671
LR,0.1233631977946244,0.47058823529411764,0.3249799683743325
LR,0.1233631977946244,0.48128342245989303,0.3232768603029716
LR,0.12611991729841487,0.48128342245989303,0.321213509180991
LR,0.12611991729841487,0.4839572192513369,0.3208870366264695
LR,0.12749827705031014,0.4839572192513369,0.3207503494774868
LR,0.12749827705031014,0.48663101604278075,0.3199925566524063
LR,0.1302549965541006,0.48663101604278075,0.3182550149137748
LR,0.1302549965541006,0.4919786096256685,0.317724111952496
LR,0.13645761543762921,0.4919786096256685,0.3133612328903933
LR,0.13645761543762921,0.4946524064171123,0.313183310514452
LR,0.13714679531357685,0.4946524064171123,0.3130369674024163
LR,0.13714679531357685,0.49732620320855614,0.3119921146084994
LR,0.13852515506547208,0.49732620320855614,0.3115682050570835
LR,0.13852515506547208,0.5,0.3112509977414731
LR,0.14059269469331495,0.5,0.3089163791489182
LR,0.14059269469331495,0.5080213903743316,0.3083329605320611
LR,0.14128187456926258,0.5080213903743316,0.3082624992654981
LR,0.14128187456926258,0.5133689839572193,0.3048713133053372
LR,0.1419710544452102,0.5133689839572193,0.3046010224033026
LR,0.1419710544452102,0.516042780748663,0.3042291804674372
LR,0.14334941419710545,0.516042780748663,0.3027863336916863
LR,0.14334941419710545,0.5213903743315508,0.3010450681464527
LR,0.14403859407305306,0.5213903743315508,0.3001428115400721
LR,0.14403859407305306,0.5267379679144385,0.2990441379332858
LR,0.1447277739490007,0.5267379679144385,0.2987592700484707
LR,0.1447277739490007,0.5320855614973262,0.2983307197750737
LR,0.15299793246037216,0.5320855614973262,0.2899918272958003
LR,0.15299793246037216,0.5347593582887701,0.2896184479775499
LR,0.15644383184011026,0.5347593582887701,0.2886430732956534
LR,0.15644383184011026,0.5454545454545454,0.2871544278149584
LR,0.1578221915920055,0.5454545454545454,0.2866085588526504
LR,0.1578221915920055,0.5481283422459893,0.2861940641354649
LR,0.15851137146795313,0.5481283422459893,0.2858483942906978
LR,0.15851137146795313,0.5508021390374331,0.2852244037076257
LR,0.15988973121984837,0.5508021390374331,0.2846626100909851
LR,0.15988973121984837,0.553475935828877,0.284435551849778
LR,0.16126809097174363,0.553475935828877,0.2840127733195065
LR,0.16126809097174363,0.5561497326203209,0.2839749324618745
LR,0.16264645072363887,0.5561497326203209,0.2824297580934648
LR,0.16264645072363887,0.5588235294117647,0.2824032361846514
LR,0.1633356305995865,0.5588235294117647,0.2816317689634526
LR,0.1633356305995865,0.5614973262032086,0.2803272260456217
LR,0.1640248104755341,0.5614973262032086,0.280048728370207
LR,0.1640248104755341,0.5641711229946524,0.2792527536575517
LR,0.16471399035148174,0.5641711229946524,0.2791920010238063
LR,0.16471399035148174,0.5668449197860963,0.2791347163844777
LR,0.16540317022742937,0.5668449197860963,0.2789264347051272
LR,0.16540317022742937,0.56951871657754,0.2788905075244396
LR,0.1667815299793246,0.56951871657754,0.2786065174599104
LR,0.1667815299793246,0.5748663101604278,0.2775034920883096
LR,0.1702274293590627,0.5748663101604278,0.2752996025207496
LR,0.1702274293590627,0.5775401069518716,0.2746707749810152
LR,0.1729841488628532,0.5775401069518716,0.272101207836779
LR,0.1729841488628532,0.5802139037433155,0.2718034043970685
LR,0.17505168849069608,0.5802139037433155,0.270546923696487
LR,0.17505168849069608,0.5828877005347594,0.2698301569554449
LR,0.17849758787043418,0.5828877005347594,0.2688697150688334
LR,0.17849758787043418,0.5855614973262032,0.2685785046135641
LR,0.18263266712611992,0.5855614973262032,0.2667117908431449
LR,0.18263266712611992,0.5909090909090909,0.2660467675653
LR,0.18607856650585802,0.5909090909090909,0.2635199188055961
LR,0.18607856650585802,0.5935828877005348,0.2633589770999644
LR,0.1874569262577533,0.5935828877005348,0.2628168102580576
LR,0.1874569262577533,0.5962566844919787,0.2628146700637555
LR,0.1909028256374914,0.5962566844919787,0.2615955020978245
LR,0.1909028256374914,0.6016042780748663,0.2609163295974451
LR,0.19503790489317713,0.6016042780748663,0.2596452355450611
LR,0.19503790489317713,0.6042780748663101,0.2595102630173759
LR,0.19848380427291523,0.6042780748663101,0.2584792992338945
LR,0.19848380427291523,0.6122994652406417,0.2561970326615817
LR,0.2067539627842867,0.6122994652406417,0.2516578517795553
LR,0.2067539627842867,0.6149732620320856,0.2515238703709965
LR,0.2074431426602343,0.6149732620320856,0.2509110940077342
LR,0.2074431426602343,0.6176470588235294,0.2504636561769381
LR,0.20882150241212957,0.6176470588235294,0.2480577964676601
LR,0.20882150241212957,0.6203208556149733,0.2478933532844471
LR,0.20951068228807718,0.6203208556149733,0.2477999328653079
LR,0.20951068228807718,0.6229946524064172,0.2476010416675944
LR,0.22122674017918678,0.6229946524064172,0.2429793815868245
LR,0.22122674017918678,0.6256684491978609,0.2428451637051152
LR,0.22260509993108202,0.6256684491978609,0.2424599148657254
LR,0.22260509993108202,0.6310160427807486,0.2418320290578801
LR,0.228118538938663,0.6310160427807486,0.2372350575742541
LR,0.228118538938663,0.6336898395721925,0.2370872350379339
LR,0.23294279807029636,0.6336898395721925,0.2338053157933815
LR,0.23294279807029636,0.6363636363636364,0.2335125666204623
LR,0.2343211578221916,0.6363636363636364,0.2325639612408302
LR,0.2343211578221916,0.6417112299465241,0.2322950668937906
LR,0.24259131633356307,0.6417112299465241,0.2289168338402704
LR,0.24259131633356307,0.6470588235294118,0.2287300905864342
LR,0.24328049620951067,0.6470588235294118,0.228680578684272
LR,0.24328049620951067,0.6497326203208557,0.2283355906273787
LR,0.2467263955892488,0.6497326203208557,0.2270764429769474
LR,0.2467263955892488,0.6524064171122995,0.2269807759988802
LR,0.2474155754651964,0.6524064171122995,0.2269729660737283
LR,0.2474155754651964,0.6550802139037433,0.2269223063037337
LR,0.24948311509303928,0.6550802139037433,0.2262640480345304
LR,0.24948311509303928,0.6577540106951871,0.2262402819379881
LR,0.2501722949689869,0.6577540106951871,0.2259485708414174
LR,0.2501722949689869,0.660427807486631,0.2256896869208816
LR,0.25223983459682975,0.660427807486631,0.2251720417072791
LR,0.25223983459682975,0.6657754010695187,0.2248320662764992
LR,0.25430737422467264,0.6657754010695187,0.2231354255428555
LR,0.25430737422467264,0.6684491978609626,0.2221586338756347
LR,0.2549965541006203,0.6684491978609626,0.2219901812214021
LR,0.2549965541006203,0.6737967914438503,0.221846552719013
LR,0.2570640937284631,0.6737967914438503,0.220355836628696
LR,0.2570640937284631,0.6818181818181818,0.2196143286174375
LR,0.25982081323225364,0.6818181818181818,0.2186174387614365
LR,0.25982081323225364,0.6844919786096256,0.2186113545024822
LR,0.26119917298414885,0.6844919786096256,0.2184096977619365
LR,0.26119917298414885,0.6871657754010695,0.2182955289902371
LR,0.2639558924879393,0.6871657754010695,0.2177325622550223
LR,0.2639558924879393,0.6898395721925134,0.2174954236011386
LR,0.2687801516195727,0.6898395721925134,0.2162862244887081
LR,0.2687801516195727,0.6925133689839572,0.2162371987099623
LR,0.2708476912474156,0.6925133689839572,0.2147578470977269
LR,0.2708476912474156,0.6951871657754011,0.214701095767254
LR,0.2742935906271537,0.6951871657754011,0.2139845254906358
LR,0.2742935906271537,0.6978609625668449,0.2137104868352527
LR,0.27567195037904896,0.6978609625668449,0.2131616054039384
LR,0.27567195037904896,0.7005347593582888,0.2126769054551689
LR,0.27705031013094417,0.7005347593582888,0.2115824295550208
LR,0.27705031013094417,0.7032085561497327,0.2112838591946864
LR,0.28532046864231564,0.7032085561497327,0.2077488241310438
LR,0.28532046864231564,0.7058823529411765,0.2077023260661433
LR,0.2866988283942109,0.7058823529411765,0.2075128335357653
LR,0.2866988283942109,0.7085561497326203,0.2075126540504807
LR,0.28876636802205374,0.7085561497326203,0.2062648309251369
LR,0.28876636802205374,0.7112299465240641,0.2061122820195015
LR,0.2894555478980014,0.7112299465240641,0.2057884145671673
LR,0.2894555478980014,0.713903743315508,0.2056391706458491
LR,0.2935906271536871,0.713903743315508,0.2049061480237547
LR,0.2935906271536871,0.7165775401069518,0.2043851064081262
LR,0.2970365265334252,0.7165775401069518,0.2038220274888433
LR,0.2970365265334252,0.7192513368983957,0.2036938718116588
LR,0.30117160578911095,0.7192513368983957,0.2028394731623748
LR,0.30117160578911095,0.7219251336898396,0.2028069744368608
LR,0.3053066850447967,0.7219251336898396,0.2015797866804049
LR,0.3053066850447967,0.7245989304812834,0.2015173375591981
LR,0.30668504479669195,0.7245989304812834,0.2012368579271653
LR,0.30668504479669195,0.7272727272727273,0.2011983276685552
LR,0.31013094417643006,0.7272727272727273,0.1999168076536172
LR,0.31013094417643006,0.7299465240641712,0.1996374238092041
LR,0.3108201240523777,0.7299465240641712,0.1994888721116245
LR,0.3108201240523777,0.732620320855615,0.198296914748458
LR,0.3177119228118539,0.732620320855615,0.1946727659306959
LR,0.3177119228118539,0.7352941176470589,0.1944239563589118
LR,0.32184700206753963,0.7352941176470589,0.1925022705871961
LR,0.32184700206753963,0.7379679144385026,0.1924212547865162
LR,0.3314955203308063,0.7379679144385026,0.1885823503556867
LR,0.3314955203308063,0.7406417112299465,0.1881815980411567
LR,0.3328738800827016,0.7406417112299465,0.1881002940186901
LR,0.3328738800827016,0.7433155080213903,0.1880387861818653
LR,0.33563059958649205,0.7433155080213903,0.1876335247722332
LR,0.33563059958649205,0.7459893048128342,0.1875380521095241
LR,0.3363197794624397,0.7459893048128342,0.186800866763826
LR,0.3363197794624397,0.7486631016042781,0.1863792102242876
LR,0.3383873190902826,0.7486631016042781,0.1860485801192245
LR,0.3383873190902826,0.7513368983957219,0.1859219574461021
LR,0.3397656788421778,0.7513368983957219,0.1848822557203802
LR,0.3397656788421778,0.7540106951871658,0.1848769580939842
LR,0.3404548587181254,0.7540106951871658,0.1841845722200901
LR,0.3404548587181254,0.7566844919786097,0.1840274040604949
LR,0.3425223983459683,0.7566844919786097,0.1832691842055425
LR,0.3425223983459683,0.7593582887700535,0.1831212296222546
LR,0.34321157822191595,0.7593582887700535,0.1830806874774352
LR,0.34321157822191595,0.7620320855614974,0.1829587429913049
LR,0.3452791178497588,0.7620320855614974,0.1824207383231187
LR,0.3452791178497588,0.7647058823529411,0.1811263610178043
LR,0.35148173673328736,0.7647058823529411,0.1791483954195138
LR,0.35148173673328736,0.7727272727272727,0.1784277726008578
LR,0.3549276361130255,0.7727272727272727,0.1766364241839737
LR,0.3549276361130255,0.7807486631016043,0.1759947322192652
LR,0.3556168159889731,0.7807486631016043,0.1759290180746177
LR,0.3556168159889731,0.7834224598930482,0.1757822042458805
LR,0.35630599586492073,0.7834224598930482,0.1757671983516618
LR,0.35630599586492073,0.7887700534759359,0.1755211273731973
LR,0.35837353549276363,0.7887700534759359,0.1750670218257974
LR,0.35837353549276363,0.7914438502673797,0.1750160086323776
LR,0.35975189524465884,0.7914438502673797,0.1744778524015788
LR,0.35975189524465884,0.7941176470588235,0.1740365707414073
LR,0.36319779462439694,0.7941176470588235,0.1730295887109135
LR,0.36319779462439694,0.7967914438502673,0.1730014993127424
LR,0.3666436940041351,0.7967914438502673,0.1717027702083514
LR,0.3666436940041351,0.7994652406417112,0.171491231276882
LR,0.3714679531357684,0.7994652406417112,0.1703048719388465
LR,0.3714679531357684,0.8021390374331551,0.170179290028523
LR,0.37215713301171605,0.8021390374331551,0.1701109927759407
LR,0.37215713301171605,0.8048128342245989,0.1700789324472719
LR,0.3749138525155066,0.8048128342245989,0.168770046755096
LR,0.3749138525155066,0.8074866310160428,0.1685450133724622
LR,0.3762922122674018,0.8074866310160428,0.1681068167972486
LR,0.3762922122674018,0.8101604278074866,0.1677922404646398
LR,0.3838731909028256,0.8101604278074866,0.1665374790215936
LR,0.3838731909028256,0.8128342245989305,0.1664546522725591
LR,0.3852515506547209,0.8128342245989305,0.1655619250964729
LR,0.3852515506547209,0.8155080213903744,0.1654758969880708
LR,0.39352170916609236,0.8155080213903744,0.1634343445886151
LR,0.39352170916609236,0.8181818181818182,0.1632622208173708
LR,0.39490006891798757,0.8181818181818182,0.1631840868142465
LR,0.39490006891798757,0.820855614973262,0.1628149687067296
LR,0.3983459682977257,0.820855614973262,0.1616169896395296
LR,0.3983459682977257,0.8235294117647058,0.1615938691625572
LR,0.4107512060647829,0.8235294117647058,0.1589795277150868
LR,0.4107512060647829,0.8262032085561497,0.1589674524758008
LR,0.41419710544452104,0.8262032085561497,0.1577144475919037
LR,0.41419710544452104,0.8288770053475936,0.1575919990888805
LR,0.4203997243280496,0.8288770053475936,0.1557564730769904
LR,0.4203997243280496,0.8315508021390374,0.155747890472418
LR,0.43694004135079256,0.8315508021390374,0.1504760270920797
LR,0.43694004135079256,0.8342245989304813,0.1498087950513566
LR,0.44038594073053067,0.8342245989304813,0.1490773566283529
LR,0.44038594073053067,0.8368983957219251,0.1489173007644692
LR,0.44245348035837356,0.8368983957219251,0.1485917407132847
LR,0.44245348035837356,0.839572192513369,0.1485876236423191
LR,0.4472777394900069,0.839572192513369,0.1466961199515963
LR,0.4472777394900069,0.8422459893048129,0.1464556069977263
LR,0.44934527911784977,0.8422459893048129,0.1458715143068099
LR,0.44934527911784977,0.8449197860962567,0.1457021691441453
LR,0.4514128187456926,0.8449197860962567,0.1449810417643953
LR,0.4514128187456926,0.8475935828877005,0.1446689630634468
LR,0.45416953824948314,0.8475935828877005,0.1442045839076506
LR,0.45416953824948314,0.8502673796791443,0.1440875567264383
LR,0.4583046175051689,0.8502673796791443,0.143374937619469
LR,0.4583046175051689,0.8529411764705882,0.1429128939036489
LR,0.4755341144038594,0.8529411764705882,0.1385594427404318
LR,0.4755341144038594,0.8556149732620321,0.1384394703386125
LR,0.47691247415575466,0.8556149732620321,0.1384056851385089
LR,0.47691247415575466,0.8582887700534759,0.1379356001062705
LR,0.48173673328738803,0.8582887700534759,0.1363329037022993
LR,0.48173673328738803,0.8609625668449198,0.1362874515528746
LR,0.4824259131633356,0.8609625668449198,0.1361533834365598
LR,0.4824259131633356,0.8636363636363636,0.1359766705368096
LR,0.4968986905582357,0.8636363636363636,0.1326912619897363
LR,0.4968986905582357,0.8663101604278075,0.1325475259471302
LR,0.5024121295658167,0.8663101604278075,0.1313489643530897
LR,0.5024121295658167,0.8689839572192514,0.131345695995273
LR,0.5120606478290833,0.8689839572192514,0.1293074536541726
LR,0.5120606478290833,0.8716577540106952,0.1292422274050008
LR,0.523776705720193,0.8716577540106952,0.1258874256921159
LR,0.523776705720193,0.8743315508021391,0.1258592626328227
LR,0.5258442453480359,0.8743315508021391,0.1253520819045072
LR,0.5258442453480359,0.8770053475935828,0.1249121964385941
LR,0.5361819434872501,0.8770053475935828,0.1224081800272824
LR,0.5361819434872501,0.8796791443850267,0.1223347982261685
LR,0.5403170227429359,0.8796791443850267,0.1217978758865939
LR,0.5403170227429359,0.8823529411764706,0.1215891590368597
LR,0.549276361130255,0.8823529411764706,0.1205346240525235
LR,0.549276361130255,0.8850267379679144,0.1202847769998831
LR,0.5541006202618883,0.8850267379679144,0.1193578267208586
LR,0.5541006202618883,0.8877005347593583,0.1191955007320268
LR,0.5589248793935218,0.8877005347593583,0.1181342837397647
LR,0.5589248793935218,0.8903743315508021,0.1181065031102255
LR,0.5665058580289456,0.8903743315508021,0.1168031881326277
LR,0.5665058580289456,0.893048128342246,0.1166854939482608
LR,0.5706409372846313,0.893048128342246,0.1159846027741034
LR,0.5706409372846313,0.8957219251336899,0.1158435133302673
LR,0.5940730530668504,0.8957219251336899,0.1100010923692597
LR,0.5940730530668504,0.8983957219251337,0.1097990548296997
LR,0.6374913852515507,0.8983957219251337,0.1009414306111948
LR,0.6374913852515507,0.9010695187165776,0.100766253188736
LR,0.6430048242591316,0.9010695187165776,0.0996029602871435
LR,0.6430048242591316,0.9037433155080213,0.0995022138993633
LR,0.6485182632667126,0.9037433155080213,0.0975884526967613
LR,0.6485182632667126,0.9064171122994652,0.0974733202312965
LR,0.6560992419021364,0.9064171122994652,0.0959291194031991
LR,0.6560992419021364,0.9090909090909091,0.0957320795253456
LR,0.6643694004135079,0.9090909090909091,0.0940720596266726
LR,0.6643694004135079,0.9117647058823529,0.0939592586128171
LR,0.6664369400413508,0.9117647058823529,0.0935718665341678
LR,0.6664369400413508,0.9144385026737968,0.0932348972957033
LR,0.6685044796691937,0.9144385026737968,0.0930032617107045
LR,0.6685044796691937,0.9171122994652406,0.0928208337015629
LR,0.6753962784286699,0.9171122994652406,0.0910866177863922
LR,0.6753962784286699,0.9197860962566845,0.0910739982510365
LR,0.6774638180565128,0.9197860962566845,0.0904645992932433
LR,0.6774638180565128,0.9224598930481284,0.0902210568184668
LR,0.6857339765678843,0.9224598930481284,0.0887686772583225
LR,0.6857339765678843,0.9251336898395722,0.0887403315059029
LR,0.7029634734665747,0.9251336898395722,0.0849528176146623
LR,0.7029634734665747,0.9278074866310161,0.0842964511335451
LR,0.7050310130944176,0.9278074866310161,0.0838788632776387
LR,0.7050310130944176,0.93048128342246,0.0837191535365311
LR,0.7146795313576844,0.93048128342246,0.0820410227041458
LR,0.7146795313576844,0.9331550802139037,0.0820247365574606
LR,0.7167470709855273,0.9331550802139037,0.0814516628206242
LR,0.7167470709855273,0.9358288770053476,0.0813540844300573
LR,0.7291523087525844,0.9358288770053476,0.0797507692926858
LR,0.7291523087525844,0.9385026737967914,0.079623222047689
LR,0.7339765678842178,0.9385026737967914,0.0787318456543833
LR,0.7339765678842178,0.9411764705882353,0.0786445442769016
LR,0.7422467263955892,0.9411764705882353,0.07689741028166
LR,0.7422467263955892,0.9438502673796791,0.0766490431454915
LR,0.7512060647829083,0.9438502673796791,0.0736814943905625
LR,0.7512060647829083,0.946524064171123,0.0736273507739638
LR,0.7518952446588559,0.946524064171123,0.0735207520885477
LR,0.7518952446588559,0.9518716577540107,0.0734608418668339
LR,0.7553411440385941,0.9518716577540107,0.0732155603584979
LR,0.7553411440385941,0.9545454545454546,0.073040987442637
LR,0.766368022053756,0.9545454545454546,0.0710852869505406
LR,0.766368022053756,0.9598930481283422,0.0707904194924747
LR,0.7732598208132323,0.9598930481283422,0.0695596878498751
LR,0.7732598208132323,0.9625668449197861,0.0694650347604399
LR,0.78842177808408,0.9625668449197861,0.0667443112024143
LR,0.78842177808408,0.9652406417112299,0.066705889764409
LR,0.8001378359751895,0.9652406417112299,0.0648295740058448
LR,0.8001378359751895,0.9679144385026738,0.064691506135969
LR,0.8015161957270848,0.9679144385026738,0.0644077731774093
LR,0.8015161957270848,0.9705882352941176,0.0643380773720705
LR,0.8042729152308753,0.9705882352941176,0.0638510150723502
LR,0.8042729152308753,0.9732620320855615,0.0637252551722005
LR,0.8332184700206754,0.9732620320855615,0.0580165397215124
LR,0.8332184700206754,0.9759358288770054,0.0575320935877168
LR,0.8366643694004136,0.9759358288770054,0.0566207200930037
LR,0.8366643694004136,0.9786096256684492,0.0565742646221439
LR,0.8373535492763611,0.9786096256684492,0.0565617266643406
LR,0.8373535492763611,0.9812834224598931,0.0565112199618977
LR,0.8421778084079945,0.9812834224598931,0.0556215647452395
LR,0.8421778084079945,0.983957219251337,0.0556066043173438
LR,0.9117849758787043,0.983957219251337,0.0421838206055675
LR,0.9117849758787043,0.9866310160427807,0.0421805462133473
LR,0.9262577532736044,0.9866310160427807,0.0390729185392882
LR,0.9262577532736044,0.9893048128342246,0.0387433636582465
LR,0.9290144727773949,0.9893048128342246,0.0385409827195284
LR,0.9290144727773949,0.9919786096256684,0.038335409630015
LR,0.9572708476912474,0.9919786096256684,0.0316640300035646
LR,0.9572708476912474,0.9946524064171123,0.0316526431366606
LR,0.9586492074431426,0.9946524064171123,0.0315508603019763
LR,0.9586492074431426,0.9973262032085561,0.0314718902552736
LR,1.0,0.9973262032085561,0.0120044714540061
LR,1.0,1.0,0.0117215375603351
RF,0.0,0.0,1.9870774856061544
RF,0.0,0.00267379679144385,0.9870774856061544
RF,0.0,0.08021390374331551,0.9606805097016964
RF,0.0006891798759476223,0.08021390374331551,0.9605876131382896
RF,0.0006891798759476223,0.08288770053475936,0.9598109126069312
RF,0.0013783597518952446,0.08288770053475936,0.9596981766275876
RF,0.0013783597518952446,0.12566844919786097,0.947724869149829
RF,0.002067539627842867,0.12566844919786097,0.945865762852176
RF,0.002067539627842867,0.15240641711229946,0.9352515638893132
RF,0.0027567195037904893,0.15240641711229946,0.9335148870276286
RF,0.0027567195037904893,0.16844919786096257,0.9233593435857536
RF,0.0034458993797381117,0.16844919786096257,0.9231281115417947
RF,0.0034458993797381117,0.21122994652406418,0.9029339227116784
RF,0.004135079255685734,0.21122994652406418,0.9013264631556934
RF,0.004135079255685734,0.21657754010695188,0.8979529878896545
RF,0.004824259131633356,0.21657754010695188,0.8976356581061503
RF,0.004824259131633356,0.24598930481283424,0.8867481802468086
RF,0.005513439007580979,0.24598930481283424,0.8866003019296543
RF,0.005513439007580979,0.24866310160427807,0.8848852620117319
RF,0.006202618883528601,0.24866310160427807,0.883078908755783
RF,0.006202618883528601,0.26737967914438504,0.8763260937835092
RF,0.006891798759476223,0.26737967914438504,0.876032540330456
RF,0.006891798759476223,0.27807486631016043,0.8704951176970528
RF,0.007580978635423846,0.27807486631016043,0.8687840809489036
RF,0.007580978635423846,0.2914438502673797,0.8666672720414134
RF,0.008270158511371467,0.2914438502673797,0.8646888518423765
RF,0.008270158511371467,0.31283422459893045,0.8444648868286095
RF,0.009648518263266712,0.31283422459893045,0.8436889459006219
RF,0.009648518263266712,0.3181818181818182,0.8411294588885555
RF,0.010337698139214336,0.3181818181818182,0.8376569750045458
RF,0.010337698139214336,0.3235294117647059,0.8362698704265072
RF,0.011026878015161957,0.3235294117647059,0.8359999226495883
RF,0.011026878015161957,0.3422459893048128,0.828823752033355
RF,0.01171605789110958,0.3422459893048128,0.8285204940011046
RF,0.01171605789110958,0.34759358288770054,0.8246681968161359
RF,0.013094417643004824,0.34759358288770054,0.8240013174505879
RF,0.013094417643004824,0.35294117647058826,0.8189925594474277
RF,0.013783597518952447,0.35294117647058826,0.8146500846568157
RF,0.013783597518952447,0.3582887700534759,0.8113799408022001
RF,0.014472777394900068,0.3582887700534759,0.8106609337721808
RF,0.014472777394900068,0.3609625668449198,0.8092689162262425
RF,0.015161957270847692,0.3609625668449198,0.8092300872120571
RF,0.015161957270847692,0.3716577540106952,0.8006547962613411
RF,0.015851137146795313,0.3716577540106952,0.798270517340961
RF,0.015851137146795313,0.37967914438502676,0.7915660096875485
RF,0.016540317022742935,0.37967914438502676,0.7908757433942658
RF,0.016540317022742935,0.3850267379679144,0.7900418151876791
RF,0.01791867677463818,0.3850267379679144,0.7851010172700945
RF,0.01791867677463818,0.3877005347593583,0.7827433374925341
RF,0.019986216402481046,0.3877005347593583,0.7780221532975005
RF,0.019986216402481046,0.393048128342246,0.7734347745642022
RF,0.02067539627842867,0.393048128342246,0.7711732035045791
RF,0.02067539627842867,0.39572192513368987,0.7704678820411138
RF,0.021364576154376293,0.39572192513368987,0.7670000475819863
RF,0.021364576154376293,0.3983957219251337,0.7640484679718615
RF,0.022053756030323914,0.3983957219251337,0.763908617199091
RF,0.022053756030323914,0.40106951871657753,0.7628666629478906
RF,0.02343211578221916,0.40106951871657753,0.7607365360437526
RF,0.02343211578221916,0.4037433155080214,0.7588166001567468
RF,0.024121295658166782,0.4037433155080214,0.7583791336655158
RF,0.024121295658166782,0.4197860962566845,0.7445301497156284
RF,0.024810475534114404,0.4197860962566845,0.7412716695350123
RF,0.024810475534114404,0.42245989304812837,0.7396157175121977
RF,0.025499655410062026,0.42245989304812837,0.7393276424159209
RF,0.025499655410062026,0.42513368983957217,0.730813111396942
RF,0.026188835286009647,0.42513368983957217,0.7255038524363182
RF,0.026188835286009647,0.42780748663101603,0.7242487598154576
RF,0.031013094417643005,0.42780748663101603,0.7110219369272431
RF,0.031013094417643005,0.4304812834224599,0.7106723059160668
RF,0.03170227429359063,0.4304812834224599,0.7057199964447204
RF,0.03170227429359063,0.43315508021390375,0.7055769061556808
RF,0.03308063404548587,0.43315508021390375,0.7039402306571203
RF,0.03308063404548587,0.4385026737967914,0.7020908273928567
RF,0.03445899379738112,0.4385026737967914,0.7006263128923821
RF,0.03445899379738112,0.44919786096256686,0.6975601679720832
RF,0.03514817367332874,0.44919786096256686,0.6964909090275759
RF,0.03514817367332874,0.45187165775401067,0.6940116299517939
RF,0.037215713301171606,0.45187165775401067,0.6922982470444322
RF,0.037215713301171606,0.45989304812834225,0.6894548998818787
RF,0.03790489317711923,0.45989304812834225,0.688940881275609
RF,0.03790489317711923,0.46524064171123,0.6873914685608205
RF,0.03997243280496209,0.46524064171123,0.6858100049631237
RF,0.03997243280496209,0.4732620320855615,0.6827418349861856
RF,0.04066161268090972,0.4732620320855615,0.6825851906593718
RF,0.04066161268090972,0.47593582887700536,0.6810358737802111
RF,0.04203997243280496,0.47593582887700536,0.6798148720955425
RF,0.04203997243280496,0.4786096256684492,0.6797565579718758
RF,0.042729152308752585,0.4786096256684492,0.6791812837106492
RF,0.042729152308752585,0.48128342245989303,0.6771509324325209
RF,0.043418332184700204,0.48128342245989303,0.6771456800281946
RF,0.043418332184700204,0.4839572192513369,0.6770985006311405
RF,0.04548587181254307,0.4839572192513369,0.6740130464231181
RF,0.04548587181254307,0.48663101604278075,0.6734916177422826
RF,0.04755341144038594,0.48663101604278075,0.671265688145136
RF,0.04755341144038594,0.4919786096256685,0.6681475474422899
RF,0.04893177119228118,0.4919786096256685,0.6657587079363638
RF,0.04893177119228118,0.5053475935828877,0.6560654123400639
RF,0.04962095106822881,0.5053475935828877,0.6546382374857257
RF,0.04962095106822881,0.5133689839572193,0.6506215696838517
RF,0.05031013094417643,0.5133689839572193,0.6482148821114662
RF,0.05031013094417643,0.5187165775401069,0.6470775148166444
RF,0.05099931082012405,0.5187165775401069,0.6466577368040137
RF,0.05099931082012405,0.5294117647058824,0.6417947429979866
RF,0.051688490696071676,0.5294117647058824,0.6411450628662984
RF,0.051688490696071676,0.5347593582887701,0.6382995401268718
RF,0.052377670572019294,0.5347593582887701,0.6370663745209513
RF,0.052377670572019294,0.5374331550802139,0.635902450133967
RF,0.05513439007580979,0.5374331550802139,0.6334168435647257
RF,0.05513439007580979,0.5454545454545454,0.6304343632641101
RF,0.055823569951757405,0.5454545454545454,0.6303068877890121
RF,0.055823569951757405,0.5481283422459893,0.6300694960102106
RF,0.0585802894555479,0.5481283422459893,0.626578436703974
RF,0.0585802894555479,0.5508021390374331,0.6262273031908316
RF,0.06064782908339077,0.5508021390374331,0.6237207874941563
RF,0.06064782908339077,0.5614973262032086,0.6214477294556493
RF,0.06547208821502412,0.5614973262032086,0.6141042775912403
RF,0.06547208821502412,0.5641711229946524,0.611488962134393
RF,0.06616126809097174,0.5641711229946524,0.6113392075072662
RF,0.06616126809097174,0.5668449197860963,0.6096084405445505
RF,0.06685044796691937,0.5668449197860963,0.6095879485357257
RF,0.06685044796691937,0.56951871657754,0.6086203515218525
RF,0.06753962784286699,0.56951871657754,0.6079005359377707
RF,0.06753962784286699,0.5721925133689839,0.6073315092298524
RF,0.07167470709855273,0.5721925133689839,0.5998407729354812
RF,0.07167470709855273,0.5748663101604278,0.5988541357811437
RF,0.07649896623018608,0.5748663101604278,0.5931069761014228
RF,0.07649896623018608,0.5828877005347594,0.5919373805740896
RF,0.0771881461061337,0.5828877005347594,0.5918400538151922
RF,0.0771881461061337,0.5855614973262032,0.5918044195750547
RF,0.07787732598208132,0.5855614973262032,0.5904564124244049
RF,0.07787732598208132,0.5935828877005348,0.5862613362522762
RF,0.07925568573397657,0.5935828877005348,0.5854282567180217
RF,0.07925568573397657,0.5989304812834224,0.5841495537993631
RF,0.07994486560992418,0.5989304812834224,0.5818927822905334
RF,0.07994486560992418,0.6016042780748663,0.5799602208792056
RF,0.08063404548587182,0.6016042780748663,0.5799229398147345
RF,0.08063404548587182,0.6042780748663101,0.57923561768301
RF,0.08270158511371468,0.6042780748663101,0.5775757692767435
RF,0.08270158511371468,0.606951871657754,0.577414463256181
RF,0.0833907649896623,0.606951871657754,0.5754231825798976
RF,0.0833907649896623,0.6096256684491979,0.5737521633973154
RF,0.08407994486560992,0.6096256684491979,0.5718400592893376
RF,0.08407994486560992,0.6122994652406417,0.5710494013515228
RF,0.08476912474155755,0.6122994652406417,0.5684789214731784
RF,0.08476912474155755,0.6176470588235294,0.5661647444403256
RF,0.08614748449345279,0.6176470588235294,0.5640932142457415
RF,0.08614748449345279,0.6229946524064172,0.5615468419257781
RF,0.08683666436940041,0.6229946524064172,0.5615443826477591
RF,0.08683666436940041,0.6256684491978609,0.5598354166611152
RF,0.09028256374913853,0.6256684491978609,0.5562070762312381
RF,0.09028256374913853,0.6283422459893048,0.5561478540680624
RF,0.09097174362508614,0.6283422459893048,0.5541086266666069
RF,0.09097174362508614,0.6310160427807486,0.551053444477175
RF,0.09303928325292901,0.6310160427807486,0.5493765000158058
RF,0.09303928325292901,0.6363636363636364,0.5489925008013561
RF,0.09372846312887664,0.6363636363636364,0.5473532445359914
RF,0.09372846312887664,0.6390374331550802,0.5453964277144469
RF,0.0957960027567195,0.6390374331550802,0.5435170196975608
RF,0.0957960027567195,0.6443850267379679,0.5426952576102145
RF,0.09717436250861475,0.6443850267379679,0.5405414999438867
RF,0.09717436250861475,0.6470588235294118,0.5381067944874205
RF,0.09855272226051,0.6470588235294118,0.5355766856271706
RF,0.09855272226051,0.6497326203208557,0.5349819769260797
RF,0.11164713990351481,0.6497326203208557,0.5233933729021171
RF,0.11164713990351481,0.6524064171122995,0.5231961776676612
RF,0.11302549965541006,0.6524064171122995,0.5192903396100828
RF,0.11302549965541006,0.6550802139037433,0.5183765866436438
RF,0.11371467953135768,0.6550802139037433,0.517718949786186
RF,0.11371467953135768,0.6577540106951871,0.517699604141065
RF,0.11440385940730531,0.6577540106951871,0.5170796838182617
RF,0.11440385940730531,0.660427807486631,0.5165062571360357
RF,0.11784975878704342,0.660427807486631,0.5156180043476565
RF,0.11784975878704342,0.6631016042780749,0.5136800615904339
RF,0.11922811853893867,0.6631016042780749,0.5099748260470937
RF,0.11922811853893867,0.6657754010695187,0.5099141417876093
RF,0.12198483804272915,0.6657754010695187,0.5028307458268827
RF,0.12198483804272915,0.6684491978609626,0.5021073022081205
RF,0.12405237767057202,0.6684491978609626,0.5009799376743864
RF,0.12405237767057202,0.6737967914438503,0.500931350412028
RF,0.12543073742246727,0.6737967914438503,0.498671624964954
RF,0.12543073742246727,0.6764705882352942,0.498521815340866
RF,0.12611991729841487,0.6764705882352942,0.4984896565247838
RF,0.12611991729841487,0.679144385026738,0.498188140130426
RF,0.1302549965541006,0.679144385026738,0.4955788310371051
RF,0.1302549965541006,0.6818181818181818,0.494844468245078
RF,0.13163335630599587,0.6818181818181818,0.4942004754683639
RF,0.13163335630599587,0.6844919786096256,0.4941983768204434
RF,0.13370089593383874,0.6844919786096256,0.4899349181780572
RF,0.13370089593383874,0.6871657754010695,0.488483741946176
RF,0.13439007580978635,0.6871657754010695,0.4881122743697504
RF,0.13439007580978635,0.6898395721925134,0.4879924617011137
RF,0.13852515506547208,0.6898395721925134,0.482761337050381
RF,0.13852515506547208,0.6925133689839572,0.4813342522462908
RF,0.14128187456926258,0.6925133689839572,0.4789722232015784
RF,0.14128187456926258,0.6951871657754011,0.4786323230807772
RF,0.1419710544452102,0.6951871657754011,0.476878999216046
RF,0.1419710544452102,0.6978609625668449,0.4760011943872658
RF,0.14266023432115782,0.6978609625668449,0.4758348014611119
RF,0.14266023432115782,0.7005347593582888,0.4751353379118143
RF,0.14541695382494832,0.7005347593582888,0.4712897848024296
RF,0.14541695382494832,0.7032085561497327,0.4712891671965042
RF,0.15024121295658166,0.7032085561497327,0.4671882072784012
RF,0.15024121295658166,0.713903743315508,0.4653179848680574
RF,0.15299793246037216,0.713903743315508,0.462386286942626
RF,0.15299793246037216,0.7192513368983957,0.4577115612521525
RF,0.15644383184011026,0.7192513368983957,0.4522590321015915
RF,0.15644383184011026,0.7219251336898396,0.4521016606178401
RF,0.1571330117160579,0.7219251336898396,0.4516459527802613
RF,0.1571330117160579,0.7245989304812834,0.4503302554333168
RF,0.15988973121984837,0.7245989304812834,0.4481918730118379
RF,0.15988973121984837,0.7272727272727273,0.4479086037777733
RF,0.16747070985527224,0.7272727272727273,0.4418409598827388
RF,0.16747070985527224,0.7299465240641712,0.4410181601704114
RF,0.16815988973121984,0.7299465240641712,0.4400445245516799
RF,0.16815988973121984,0.732620320855615,0.4394467848321685
RF,0.16884906960716747,0.732620320855615,0.4387393080681706
RF,0.16884906960716747,0.7352941176470589,0.4364776926560524
RF,0.1695382494831151,0.7352941176470589,0.4362675953923698
RF,0.1695382494831151,0.7379679144385026,0.4358451347651237
RF,0.17574086836664368,0.7379679144385026,0.4273485738495404
RF,0.17574086836664368,0.7406417112299465,0.4273277597152457
RF,0.17780840799448655,0.7406417112299465,0.425140147043324
RF,0.17780840799448655,0.7459893048128342,0.4240043298610338
RF,0.1819434872501723,0.7459893048128342,0.4176931388477424
RF,0.1819434872501723,0.7486631016042781,0.4172939170688232
RF,0.1874569262577533,0.7486631016042781,0.4116234446567472
RF,0.1874569262577533,0.7513368983957219,0.4114800053955509
RF,0.1943487250172295,0.7513368983957219,0.4019956990889185
RF,0.1943487250172295,0.7566844919786097,0.4008319924485363
RF,0.19572708476912473,0.7566844919786097,0.3969045210335325
RF,0.19572708476912473,0.7620320855614974,0.3961942486810214
RF,0.19641626464507236,0.7620320855614974,0.3958336302958454
RF,0.19641626464507236,0.7647058823529411,0.3955157438447267
RF,0.20192970365265334,0.7647058823529411,0.3921194719392201
RF,0.20192970365265334,0.7700534759358288,0.3911278710043534
RF,0.20951068228807718,0.7700534759358288,0.3806989854175427
RF,0.20951068228807718,0.7727272727272727,0.3804867796422801
RF,0.21157822191592005,0.7727272727272727,0.3791964149207923
RF,0.21157822191592005,0.7780748663101604,0.3779396496488217
RF,0.2129565816678153,0.7780748663101604,0.3753220102176463
RF,0.2129565816678153,0.7834224598930482,0.3750381150716613
RF,0.22398345968297725,0.7834224598930482,0.3681082607491656
RF,0.22398345968297725,0.786096256684492,0.3644748531131956
RF,0.22880771881461062,0.786096256684492,0.3585021189997007
RF,0.22880771881461062,0.7887700534759359,0.3584141417684071
RF,0.22949689869055823,0.7887700534759359,0.3583997788167341
RF,0.22949689869055823,0.7914438502673797,0.3571669814871384
RF,0.2343211578221916,0.7914438502673797,0.3526036350069161
RF,0.2343211578221916,0.7941176470588235,0.3524240002720943
RF,0.2370778773259821,0.7941176470588235,0.350806215767417
RF,0.2370778773259821,0.7994652406417112,0.3496374080989442
RF,0.24465885596140594,0.7994652406417112,0.3421189232601776
RF,0.24465885596140594,0.8021390374331551,0.3403962326234746
RF,0.2474155754651964,0.8021390374331551,0.339555560578018
RF,0.2474155754651964,0.8048128342245989,0.339339765357886
RF,0.24948311509303928,0.8048128342245989,0.3384539273081563
RF,0.24948311509303928,0.8074866310160428,0.3383793579147418
RF,0.25223983459682975,0.8074866310160428,0.3336977301668735
RF,0.25223983459682975,0.8101604278074866,0.3327967382287435
RF,0.253618194348725,0.8101604278074866,0.3323199369852629
RF,0.253618194348725,0.8128342245989305,0.3321702592991019
RF,0.2556857339765679,0.8128342245989305,0.3295537549351553
RF,0.2556857339765679,0.8155080213903744,0.3293399675522068
RF,0.2570640937284631,0.8155080213903744,0.3279214945161886
RF,0.2570640937284631,0.8181818181818182,0.3278187977409791
RF,0.25775327360441075,0.8181818181818182,0.3274321333618236
RF,0.25775327360441075,0.820855614973262,0.3272428334056051
RF,0.2653342522398346,0.820855614973262,0.3222064013960803
RF,0.2653342522398346,0.8235294117647058,0.3217802879411339
RF,0.2694693314955203,0.8235294117647058,0.3198535327838462
RF,0.2694693314955203,0.8262032085561497,0.3197092715237557
RF,0.27842866988283943,0.8262032085561497,0.3133622611946507
RF,0.27842866988283943,0.8288770053475936,0.312646541680925
RF,0.28187456926257753,0.8288770053475936,0.3111300900996101
RF,0.28187456926257753,0.8315508021390374,0.3111076657762731
RF,0.2866988283942109,0.8315508021390374,0.3059560568929896
RF,0.2866988283942109,0.8342245989304813,0.3056299613210262
RF,0.2880771881461061,0.8342245989304813,0.3044642088503452
RF,0.2880771881461061,0.8368983957219251,0.3038379917227994
RF,0.30461750516884906,0.8368983957219251,0.2925239400602938
RF,0.30461750516884906,0.8449197860962567,0.2911599762887846
RF,0.30668504479669195,0.8449197860962567,0.2903694650053064
RF,0.30668504479669195,0.8475935828877005,0.2899257766667614
RF,0.3087525844245348,0.8475935828877005,0.2888112405475675
RF,0.3087525844245348,0.8502673796791443,0.2880687879873454
RF,0.3149552033080634,0.8502673796791443,0.2853340797939315
RF,0.3149552033080634,0.8529411764705882,0.2847091967018108
RF,0.31702274293590627,0.8529411764705882,0.2834593629724048
RF,0.31702274293590627,0.8556149732620321,0.2829898057183849
RF,0.32046864231564437,0.8556149732620321,0.28112295668556
RF,0.32046864231564437,0.8582887700534759,0.2807445574015489
RF,0.32873880082701584,0.8582887700534759,0.2728561302096436
RF,0.32873880082701584,0.8609625668449198,0.2723778276771685
RF,0.35975189524465884,0.8609625668449198,0.2554926633511575
RF,0.35975189524465884,0.8636363636363636,0.2548915543880892
RF,0.37422467263955894,0.8636363636363636,0.2452001413973377
RF,0.37422467263955894,0.8663101604278075,0.2450815263856323
RF,0.38662991040661615,0.8663101604278075,0.2383296157408291
RF,0.38662991040661615,0.8689839572192514,0.2380688768533849
RF,0.3928325292901447,0.8689839572192514,0.2345751768151252
RF,0.3928325292901447,0.8716577540106952,0.2345146146053936
RF,0.3983459682977257,0.8716577540106952,0.2314633824787839
RF,0.3983459682977257,0.8743315508021391,0.2313961719062917
RF,0.40523776705720194,0.8743315508021391,0.2268738542611298
RF,0.40523776705720194,0.8770053475935828,0.2267383103155708
RF,0.4066161268090972,0.8770053475935828,0.2261715169232242
RF,0.4066161268090972,0.8796791443850267,0.2259539402284867
RF,0.4073053066850448,0.8796791443850267,0.2258429708309091
RF,0.4073053066850448,0.8823529411764706,0.225495983853218
RF,0.425223983459683,0.8823529411764706,0.2144471012031772
RF,0.425223983459683,0.8850267379679144,0.2144091958731068
RF,0.4272915230875258,0.8850267379679144,0.213385797692324
RF,0.4272915230875258,0.8877005347593583,0.2128850118826478
RF,0.43487250172294967,0.8877005347593583,0.2091001356746015
RF,0.43487250172294967,0.8903743315508021,0.2088128937616942
RF,0.44245348035837356,0.8903743315508021,0.2066027474137602
RF,0.44245348035837356,0.8957219251336899,0.2056873405808308
RF,0.4603721571330117,0.8957219251336899,0.196914476602197
RF,0.4603721571330117,0.8983957219251337,0.1968930991067889
RF,0.46106133700895935,0.8983957219251337,0.1964339233381098
RF,0.46106133700895935,0.9037433155080213,0.1959107410588947
RF,0.4638180565127498,0.9037433155080213,0.19525252409386
RF,0.4638180565127498,0.9064171122994652,0.1950742609056436
RF,0.4665747760165403,0.9064171122994652,0.1935685992411735
RF,0.4665747760165403,0.9090909090909091,0.1925897589930847
RF,0.4720882150241213,0.9090909090909091,0.1907464857109839
RF,0.4720882150241213,0.9117647058823529,0.1897443200665499
RF,0.48380427291523087,0.9117647058823529,0.1861272244580934
RF,0.48380427291523087,0.9144385026737968,0.1851501671885942
RF,0.487250172294969,0.9144385026737968,0.1832977882433135
RF,0.487250172294969,0.9171122994652406,0.1831484669607178
RF,0.4968986905582357,0.9171122994652406,0.1792806362724783
RF,0.4968986905582357,0.9197860962566845,0.179165285789621
RF,0.5141281874569262,0.9197860962566845,0.1711390496670986
RF,0.5141281874569262,0.9224598930481284,0.1708394150279841
RF,0.518263266712612,0.9224598930481284,0.1695485553252371
RF,0.518263266712612,0.9251336898395722,0.1695070658174061
RF,0.5286009648518263,0.9251336898395722,0.1654896613635893
RF,0.5286009648518263,0.9278074866310161,0.1652697303911707
RF,0.5306685044796692,0.9278074866310161,0.1645695250325118
RF,0.5306685044796692,0.93048128342246,0.164070057584282
RF,0.5341144038594073,0.93048128342246,0.1627762686715201
RF,0.5341144038594073,0.9331550802139037,0.162358453583767
RF,0.5575465196416265,0.9331550802139037,0.1509053169082446
RF,0.5575465196416265,0.9358288770053476,0.1508233580161706
RF,0.5596140592694693,0.9358288770053476,0.1495223195597286
RF,0.5596140592694693,0.9385026737967914,0.1494929095317277
RF,0.5754651964162646,0.9385026737967914,0.1453777723711576
RF,0.5754651964162646,0.9411764705882353,0.1452347313975643
RF,0.5988973121984839,0.9411764705882353,0.1389279038980721
RF,0.5988973121984839,0.9438502673796791,0.1388995707156554
RF,0.6044107512060648,0.9438502673796791,0.1373629388872625
RF,0.6044107512060648,0.946524064171123,0.1368543764329662
RF,0.6071674707098552,0.946524064171123,0.1363657266517778
RF,0.6071674707098552,0.9491978609625669,0.1361115303665068
RF,0.6181943487250172,0.9491978609625669,0.1338866250082401
RF,0.6181943487250172,0.9518716577540107,0.1337936950388941
RF,0.622329427980703,0.9518716577540107,0.1323464059931907
RF,0.622329427980703,0.9545454545454546,0.1321612972361379
RF,0.6450723638869745,0.9545454545454546,0.1238444707689924
RF,0.6450723638869745,0.9572192513368984,0.1221988019917259
RF,0.653342522398346,0.9572192513368984,0.1171555197747137
RF,0.653342522398346,0.9598930481283422,0.1168412789747543
RF,0.6609235010337698,0.9598930481283422,0.1138879075965512
RF,0.6609235010337698,0.9625668449197861,0.1138246397604802
RF,0.6643694004135079,0.9625668449197861,0.1128364879677265
RF,0.6643694004135079,0.9652406417112299,0.1125594773125172
RF,0.6802205375603032,0.9652406417112299,0.1064392217426056
RF,0.6802205375603032,0.9679144385026738,0.1057926748068575
RF,0.7015851137146796,0.9679144385026738,0.1001372613344739
RF,0.7015851137146796,0.9705882352941176,0.1001248006942227
RF,0.7084769124741558,0.9705882352941176,0.098821959485256
RF,0.7084769124741558,0.9732620320855615,0.098417018591662
RF,0.7215713301171606,0.9732620320855615,0.0933432367671845
RF,0.7215713301171606,0.9759358288770054,0.0931679649153475
RF,0.735354927636113,0.9759358288770054,0.0898844541745879
RF,0.735354927636113,0.9786096256684492,0.0896030394620055
RF,0.760854583046175,0.9786096256684492,0.0803768524432308
RF,0.760854583046175,0.9812834224598931,0.0798794133421544
RF,0.7684355616815989,0.9812834224598931,0.0777968122074286
RF,0.7684355616815989,0.983957219251337,0.0777883964505367
RF,0.7994486560992419,0.983957219251337,0.0656152349591439
RF,0.7994486560992419,0.9866310160427807,0.0656053943861824
RF,0.8152997932460372,0.9866310160427807,0.059075811561701
RF,0.8152997932460372,0.9893048128342246,0.0590109765253205
RF,0.8566505858028945,0.9893048128342246,0.0449301537221958
RF,0.8566505858028945,0.9919786096256684,0.044855822357018
RF,0.9097174362508614,0.9919786096256684,0.0326910822338852
RF,0.9097174362508614,0.9946524064171123,0.0326543068699413
RF,0.9386629910406616,0.9946524064171123,0.0255294706731711
RF,0.9386629910406616,0.9973262032085561,0.0253975777133085
RF,0.9986216402481047,0.9973262032085561,0.0103458371168496
RF,0.9986216402481047,1.0,0.0100825790882477
RF,1.0,1.0,0.0078945516319776
XGB,0.0,0.0,1.99651635
XGB,0.0,0.00267379679144385,0.99651635
XGB,0.0,0.15508021390374332,0.8828795
XGB,0.0006891798759476223,0.15508021390374332,0.879258
XGB,0.0006891798759476223,0.16310160427807488,0.8771812
XGB,0.002067539627842867,0.16310160427807488,0.87020093
XGB,0.002067539627842867,0.16844919786096257,0.86779815
XGB,0.0027567195037904893,0.16844919786096257,0.8654193
XGB,0.0027567195037904893,0.18181818181818182,0.8583479
XGB,0.0034458993797381117,0.18181818181818182,0.8582567
XGB,0.0034458993797381117,0.21122994652406418,0.82877725
XGB,0.004135079255685734,0.21122994652406418,0.8279903
XGB,0.004135079255685734,0.2192513368983957,0.8198598
XGB,0.004824259131633356,0.2192513368983957,0.81393164
XGB,0.004824259131633356,0.22459893048128343,0.8045113
XGB,0.005513439007580979,0.22459893048128343,0.8021182
XGB,0.005513439007580979,0.232620320855615,0.7981358
XGB,0.006202618883528601,0.232620320855615,0.7977849
XGB,0.006202618883528601,0.24331550802139038,0.7857531
XGB,0.006891798759476223,0.24331550802139038,0.78480995
XGB,0.006891798759476223,0.27540106951871657,0.7552952
XGB,0.007580978635423846,0.27540106951871657,0.75071025
XGB,0.007580978635423846,0.2967914438502674,0.7338643
XGB,0.008270158511371467,0.2967914438502674,0.7310345
XGB,0.008270158511371467,0.3048128342245989,0.72145176
XGB,0.00895933838731909,0.3048128342245989,0.72108734
XGB,0.00895933838731909,0.3315508021390374,0.6964511
XGB,0.009648518263266712,0.3315508021390374,0.69634396
XGB,0.009648518263266712,0.3449197860962567,0.68128496
XGB,0.010337698139214336,0.3449197860962567,0.6745439
XGB,0.010337698139214336,0.3502673796791444,0.66955745
XGB,0.01171605789110958,0.3502673796791444,0.6611617
XGB,0.01171605789110958,0.3609625668449198,0.65531147
XGB,0.013783597518952447,0.3609625668449198,0.6497597
XGB,0.013783597518952447,0.38235294117647056,0.64208305
XGB,0.014472777394900068,0.38235294117647056,0.64200187
XGB,0.014472777394900068,0.39037433155080214,0.63459927
XGB,0.015161957270847692,0.39037433155080214,0.63250977
XGB,0.015161957270847692,0.393048128342246,0.63213176
XGB,0.015851137146795313,0.393048128342246,0.6292279
XGB,0.015851137146795313,0.40106951871657753,0.6145173
XGB,0.01722949689869056,0.40106951871657753,0.6080135
XGB,0.01722949689869056,0.4144385026737968,0.5972011
XGB,0.019297036526533425,0.4144385026737968,0.591462
XGB,0.019297036526533425,0.41711229946524064,0.5910386
XGB,0.02067539627842867,0.41711229946524064,0.59020853
XGB,0.02067539627842867,0.42245989304812837,0.58772796
XGB,0.022053756030323914,0.42245989304812837,0.58565664
XGB,0.022053756030323914,0.4304812834224599,0.5718467
XGB,0.022742935906271536,0.4304812834224599,0.5688171
XGB,0.022742935906271536,0.4358288770053476,0.55986017
XGB,0.02343211578221916,0.4358288770053476,0.55954677
XGB,0.02343211578221916,0.4411764705882353,0.55611
XGB,0.024121295658166782,0.4411764705882353,0.5547732
XGB,0.024121295658166782,0.44385026737967914,0.55457836
XGB,0.025499655410062026,0.44385026737967914,0.55217624
XGB,0.025499655410062026,0.44919786096256686,0.5492036
XGB,0.026188835286009647,0.44919786096256686,0.54752165
XGB,0.026188835286009647,0.45454545454545453,0.5457712
XGB,0.026878015161957272,0.45454545454545453,0.54299164
XGB,0.026878015161957272,0.45989304812834225,0.5390477
XGB,0.027567195037904894,0.45989304812834225,0.5383711
XGB,0.027567195037904894,0.4679144385026738,0.52630925
XGB,0.028256374913852515,0.4679144385026738,0.521695
XGB,0.028256374913852515,0.47593582887700536,0.5177949
XGB,0.028945554789800137,0.47593582887700536,0.51744705
XGB,0.028945554789800137,0.4786096256684492,0.51206046
XGB,0.029634734665747762,0.4786096256684492,0.510103
XGB,0.029634734665747762,0.48128342245989303,0.50829566
XGB,0.031013094417643005,0.48128342245989303,0.5055947
XGB,0.031013094417643005,0.48663101604278075,0.5045706
XGB,0.03239145416953825,0.48663101604278075,0.5042169
XGB,0.03239145416953825,0.4893048128342246,0.50351083
XGB,0.03445899379738112,0.4893048128342246,0.49498862
XGB,0.03445899379738112,0.4919786096256685,0.4906627
XGB,0.03583735354927636,0.4919786096256685,0.48874396
XGB,0.03583735354927636,0.5,0.4817684
XGB,0.03859407305306685,0.5,0.4801416
XGB,0.03859407305306685,0.5026737967914439,0.47654855
XGB,0.039283252929014474,0.5026737967914439,0.47572514
XGB,0.039283252929014474,0.5053475935828877,0.47520164
XGB,0.03997243280496209,0.5053475935828877,0.47383887
XGB,0.03997243280496209,0.5080213903743316,0.4737483
XGB,0.04203997243280496,0.5080213903743316,0.46977797
XGB,0.04203997243280496,0.5187165775401069,0.46159133
XGB,0.042729152308752585,0.5187165775401069,0.4606905
XGB,0.042729152308752585,0.5213903743315508,0.4605968
XGB,0.04548587181254307,0.5213903743315508,0.45177478
XGB,0.04548587181254307,0.5240641711229946,0.4517381
XGB,0.04686423156443832,0.5240641711229946,0.4457174
XGB,0.04686423156443832,0.5267379679144385,0.4453177
XGB,0.04893177119228118,0.5267379679144385,0.44066697
XGB,0.04893177119228118,0.5374331550802139,0.43763497
XGB,0.05031013094417643,0.5374331550802139,0.43564647
XGB,0.05031013094417643,0.5401069518716578,0.43531892
XGB,0.051688490696071676,0.5401069518716578,0.43069825
XGB,0.051688490696071676,0.5427807486631016,0.42868137
XGB,0.052377670572019294,0.5427807486631016,0.4274835
XGB,0.052377670572019294,0.5454545454545454,0.42643234
XGB,0.05306685044796692,0.5454545454545454,0.42532557
XGB,0.05306685044796692,0.5508021390374331,0.42352903
XGB,0.05651274982770503,0.5508021390374331,0.41890544
XGB,0.05651274982770503,0.553475935828877,0.4187922
XGB,0.057891109579600274,0.553475935828877,0.41799
XGB,0.057891109579600274,0.5588235294117647,0.4171398
XGB,0.0585802894555479,0.5588235294117647,0.41690058
XGB,0.0585802894555479,0.5641711229946524,0.41367307
XGB,0.06202618883528601,0.5641711229946524,0.40922418
XGB,0.06202618883528601,0.5668449197860963,0.4088869
XGB,0.06271536871123363,0.5668449197860963,0.40861335
XGB,0.06271536871123363,0.56951871657754,0.4085783
XGB,0.06340454858718125,0.56951871657754,0.4083981
XGB,0.06340454858718125,0.5721925133689839,0.40575114
XGB,0.06547208821502412,0.5721925133689839,0.4012048
XGB,0.06547208821502412,0.5748663101604278,0.40098178
XGB,0.06616126809097174,0.5748663101604278,0.40015078
XGB,0.06616126809097174,0.5802139037433155,0.39864883
XGB,0.06753962784286699,0.5802139037433155,0.3966621
XGB,0.06753962784286699,0.5855614973262032,0.39467564
XGB,0.06891798759476224,0.5855614973262032,0.3910228
XGB,0.06891798759476224,0.5882352941176471,0.39008594
XGB,0.07236388697450034,0.5882352941176471,0.38381097
XGB,0.07236388697450034,0.5909090909090909,0.3810696
XGB,0.07305306685044796,0.5909090909090909,0.3802268
XGB,0.07305306685044796,0.5935828877005348,0.38002393
XGB,0.07649896623018608,0.5935828877005348,0.37358862
XGB,0.07649896623018608,0.5962566844919787,0.37333608
XGB,0.08270158511371468,0.5962566844919787,0.36668062
XGB,0.08270158511371468,0.5989304812834224,0.36549988
XGB,0.08407994486560992,0.5989304812834224,0.364456
XGB,0.08407994486560992,0.6016042780748663,0.36420953
XGB,0.08614748449345279,0.6016042780748663,0.36162624
XGB,0.08614748449345279,0.6042780748663101,0.3612121
XGB,0.08959338387319091,0.6042780748663101,0.3553477
XGB,0.08959338387319091,0.6096256684491979,0.35396236
XGB,0.09028256374913853,0.6096256684491979,0.3529537
XGB,0.09028256374913853,0.6149732620320856,0.35138044
XGB,0.0957960027567195,0.6149732620320856,0.34048396
XGB,0.0957960027567195,0.6176470588235294,0.34017372
XGB,0.09648518263266713,0.6176470588235294,0.3398362
XGB,0.09648518263266713,0.6283422459893048,0.3369635
XGB,0.09993108201240523,0.6283422459893048,0.33064133
XGB,0.09993108201240523,0.6390374331550802,0.3299168
XGB,0.10406616126809097,0.6390374331550802,0.32710916
XGB,0.10406616126809097,0.6417112299465241,0.3259761
XGB,0.10682288077188146,0.6417112299465241,0.32014212
XGB,0.10682288077188146,0.6443850267379679,0.32006955
XGB,0.11026878015161957,0.6443850267379679,0.31559438
XGB,0.11026878015161957,0.6470588235294118,0.31498942
XGB,0.11233631977946244,0.6470588235294118,0.31387943
XGB,0.11233631977946244,0.6497326203208557,0.31320375
XGB,0.11440385940730531,0.6497326203208557,0.3113714
XGB,0.11440385940730531,0.6550802139037433,0.30726218
XGB,0.11509303928325293,0.6550802139037433,0.3068163
XGB,0.11509303928325293,0.6577540106951871,0.30673754
XGB,0.1171605789110958,0.6577540106951871,0.3056028
XGB,0.1171605789110958,0.660427807486631,0.30507314
XGB,0.11853893866299105,0.660427807486631,0.30465624
XGB,0.11853893866299105,0.6631016042780749,0.30389377
XGB,0.11922811853893867,0.6631016042780749,0.30372515
XGB,0.11922811853893867,0.6657754010695187,0.30283308
XGB,0.12198483804272915,0.6657754010695187,0.29676226
XGB,0.12198483804272915,0.6684491978609626,0.29631907
XGB,0.12405237767057202,0.6684491978609626,0.29238373
XGB,0.12405237767057202,0.6711229946524064,0.29118487
XGB,0.12543073742246727,0.6711229946524064,0.2901298
XGB,0.12543073742246727,0.6737967914438503,0.29002228
XGB,0.1268090971743625,0.6737967914438503,0.28565332
XGB,0.1268090971743625,0.6764705882352942,0.28320032
XGB,0.12749827705031014,0.6764705882352942,0.2831033
XGB,0.12749827705031014,0.679144385026738,0.28233272
XGB,0.12887663680220537,0.679144385026738,0.27981293
XGB,0.12887663680220537,0.6818181818181818,0.27973053
XGB,0.13094417643004824,0.6818181818181818,0.2772994
XGB,0.13094417643004824,0.6844919786096256,0.27532202
XGB,0.13370089593383874,0.6844919786096256,0.2729364
XGB,0.13370089593383874,0.6871657754010695,0.27286506
XGB,0.13439007580978635,0.6871657754010695,0.2723021
XGB,0.13439007580978635,0.6925133689839572,0.27018216
XGB,0.13507925568573398,0.6925133689839572,0.26900128
XGB,0.13507925568573398,0.6951871657754011,0.267113
XGB,0.13714679531357685,0.6951871657754011,0.2663041
XGB,0.13714679531357685,0.6978609625668449,0.26529923
XGB,0.14128187456926258,0.6978609625668449,0.2641525
XGB,0.14128187456926258,0.7032085561497327,0.26398486
XGB,0.1447277739490007,0.7032085561497327,0.26144758
XGB,0.1447277739490007,0.7085561497326203,0.26099166
XGB,0.14610613370089592,0.7085561497326203,0.26008117
XGB,0.14610613370089592,0.7112299465240641,0.2594916
XGB,0.14955203308063406,0.7112299465240641,0.254257
XGB,0.14955203308063406,0.7165775401069518,0.25305945
XGB,0.15024121295658166,0.7165775401069518,0.25270438
XGB,0.15024121295658166,0.7219251336898396,0.24977787
XGB,0.15644383184011026,0.7219251336898396,0.2443737
XGB,0.15644383184011026,0.7245989304812834,0.24392119
XGB,0.160578911095796,0.7245989304812834,0.24014534
XGB,0.160578911095796,0.7272727272727273,0.23996593
XGB,0.16126809097174363,0.7272727272727273,0.23951277
XGB,0.16126809097174363,0.7299465240641712,0.23879726
XGB,0.16195727084769124,0.7299465240641712,0.23837502
XGB,0.16195727084769124,0.732620320855615,0.23805103
XGB,0.1633356305995865,0.732620320855615,0.23748052
XGB,0.1633356305995865,0.7352941176470589,0.23672907
XGB,0.16471399035148174,0.7352941176470589,0.23597375
XGB,0.16471399035148174,0.7406417112299465,0.23424998
XGB,0.1729841488628532,0.7406417112299465,0.2213197
XGB,0.1729841488628532,0.7433155080213903,0.22105342
XGB,0.17574086836664368,0.7433155080213903,0.21795227
XGB,0.17574086836664368,0.7459893048128342,0.2174058
XGB,0.17711922811853895,0.7459893048128342,0.21668516
XGB,0.17711922811853895,0.7486631016042781,0.21634282
XGB,0.1847002067539628,0.7486631016042781,0.21270405
XGB,0.1847002067539628,0.7513368983957219,0.21254386
XGB,0.18676774638180565,0.7513368983957219,0.2115208
XGB,0.18676774638180565,0.7540106951871658,0.21108532
XGB,0.1881461061337009,0.7540106951871658,0.21066305
XGB,0.1881461061337009,0.7566844919786097,0.21055147
XGB,0.18952446588559613,0.7566844919786097,0.20929597
XGB,0.18952446588559613,0.7593582887700535,0.20905893
XGB,0.1909028256374914,0.7593582887700535,0.20833154
XGB,0.1909028256374914,0.7620320855614974,0.20811796
XGB,0.19365954514128186,0.7620320855614974,0.20758279
XGB,0.19365954514128186,0.7647058823529411,0.20740671
XGB,0.2033080634045486,0.7647058823529411,0.2017863
XGB,0.2033080634045486,0.767379679144385,0.19981328
XGB,0.20468642315644384,0.767379679144385,0.19853534
XGB,0.20468642315644384,0.7700534759358288,0.19826391
XGB,0.20606478290833907,0.7700534759358288,0.19687551
XGB,0.20606478290833907,0.7727272727272727,0.1963911
XGB,0.2101998621640248,0.7727272727272727,0.19182521
XGB,0.2101998621640248,0.7754010695187166,0.19171719
XGB,0.2129565816678153,0.7754010695187166,0.19054529
XGB,0.2129565816678153,0.7807486631016043,0.19038463
XGB,0.21433494141971055,0.7807486631016043,0.18903287
XGB,0.21433494141971055,0.7834224598930482,0.18897168
XGB,0.21778084079944865,0.7834224598930482,0.18782699
XGB,0.21778084079944865,0.786096256684492,0.18774897
XGB,0.22053756030323915,0.786096256684492,0.18645099
XGB,0.22053756030323915,0.7887700534759359,0.18610375
XGB,0.22122674017918678,0.7887700534759359,0.1858011
XGB,0.22122674017918678,0.7914438502673797,0.18577114
XGB,0.22605099931082012,0.7914438502673797,0.18306787
XGB,0.22605099931082012,0.7941176470588235,0.18211786
XGB,0.22674017918676775,0.7941176470588235,0.18209474
XGB,0.22674017918676775,0.7967914438502673,0.1817808
XGB,0.23845623707787733,0.7967914438502673,0.17505424
XGB,0.23845623707787733,0.7994652406417112,0.17503114
XGB,0.23983459682977257,0.7994652406417112,0.17487697
XGB,0.23983459682977257,0.8021390374331551,0.1748128
XGB,0.2570640937284631,0.8021390374331551,0.1652177
XGB,0.2570640937284631,0.8074866310160428,0.16425227
XGB,0.2584424534803584,0.8074866310160428,0.16419694
XGB,0.2584424534803584,0.8101604278074866,0.16357358
XGB,0.2605099931082012,0.8101604278074866,0.1631791
XGB,0.2605099931082012,0.8128342245989305,0.16298975
XGB,0.2618883528600965,0.8128342245989305,0.1627779
XGB,0.2618883528600965,0.8155080213903744,0.16239913
XGB,0.2639558924879393,0.8155080213903744,0.16117208
XGB,0.2639558924879393,0.8181818181818182,0.16061121
XGB,0.2653342522398346,0.8181818181818182,0.16031548
XGB,0.2653342522398346,0.820855614973262,0.15918157
XGB,0.27015851137146796,0.820855614973262,0.15682125
XGB,0.27015851137146796,0.8235294117647058,0.1562268
XGB,0.2722260509993108,0.8235294117647058,0.15594083
XGB,0.2722260509993108,0.8262032085561497,0.15574177
XGB,0.2749827705031013,0.8262032085561497,0.15434653
XGB,0.2749827705031013,0.8288770053475936,0.1541488
XGB,0.27980702963473464,0.8288770053475936,0.15205808
XGB,0.27980702963473464,0.8315508021390374,0.15188289
XGB,0.2894555478980014,0.8315508021390374,0.14659363
XGB,0.2894555478980014,0.8342245989304813,0.14641057
XGB,0.29083390764989664,0.8342245989304813,0.14600235
XGB,0.29083390764989664,0.8368983957219251,0.14497584
XGB,0.2970365265334252,0.8368983957219251,0.14155473
XGB,0.2970365265334252,0.8422459893048129,0.14108947
XGB,0.3018607856650586,0.8422459893048129,0.13927509
XGB,0.3018607856650586,0.8475935828877005,0.13888964
XGB,0.30323914541695385,0.8475935828877005,0.13815366
XGB,0.30323914541695385,0.8502673796791443,0.13801661
XGB,0.3039283252929014,0.8502673796791443,0.13794884
XGB,0.3039283252929014,0.8529411764705882,0.13734779
XGB,0.30668504479669195,0.8529411764705882,0.13593806
XGB,0.30668504479669195,0.8556149732620321,0.13591133
XGB,0.3142660234321158,0.8556149732620321,0.13326202
XGB,0.3142660234321158,0.8582887700534759,0.13259478
XGB,0.3301171605789111,0.8582887700534759,0.12490643
XGB,0.3301171605789111,0.8609625668449198,0.12444821
XGB,0.33425223983459684,0.8609625668449198,0.12320212
XGB,0.33425223983459684,0.8636363636363636,0.12270219
XGB,0.3363197794624397,0.8636363636363636,0.12207831
XGB,0.3363197794624397,0.8663101604278075,0.12056134
XGB,0.34734665747760163,0.8663101604278075,0.11674302
XGB,0.34734665747760163,0.8689839572192514,0.116714664
XGB,0.3487250172294969,0.8689839572192514,0.11630484
XGB,0.3487250172294969,0.8716577540106952,0.11601
XGB,0.3494141971054445,0.8716577540106952,0.11561033
XGB,0.3494141971054445,0.8770053475935828,0.11546804
XGB,0.35699517574086836,0.8770053475935828,0.113991335
XGB,0.35699517574086836,0.8796791443850267,0.113737054
XGB,0.35906271536871126,0.8796791443850267,0.113499105
XGB,0.35906271536871126,0.8823529411764706,0.113200046
XGB,0.3645761543762922,0.8823529411764706,0.111564666
XGB,0.3645761543762922,0.8850267379679144,0.11151391
XGB,0.3694004135079256,0.8850267379679144,0.11024931
XGB,0.3694004135079256,0.8877005347593583,0.1097423
XGB,0.3749138525155066,0.8877005347593583,0.108177684
XGB,0.3749138525155066,0.893048128342246,0.10774081
XGB,0.3983459682977257,0.893048128342246,0.10181445
XGB,0.3983459682977257,0.8957219251336899,0.10154976
XGB,0.4011026878015162,0.8957219251336899,0.10064888
XGB,0.4011026878015162,0.8983957219251337,0.10014076
XGB,0.40592694693314957,0.8983957219251337,0.09892979
XGB,0.40592694693314957,0.9010695187165776,0.09844556
XGB,0.4114403859407305,0.9010695187165776,0.09755123
XGB,0.4114403859407305,0.9037433155080213,0.09745403
XGB,0.4183321847002068,0.9037433155080213,0.09588619
XGB,0.4183321847002068,0.9064171122994652,0.09562192
XGB,0.4203997243280496,0.9064171122994652,0.09510703
XGB,0.4203997243280496,0.9090909090909091,0.095060416
XGB,0.43004824259131635,0.9090909090909091,0.09265033
XGB,0.43004824259131635,0.9117647058823529,0.09227581
XGB,0.43073742246726393,0.9117647058823529,0.092128396
XGB,0.43073742246726393,0.9144385026737968,0.092118345
XGB,0.4355616815988973,0.9144385026737968,0.09137466
XGB,0.4355616815988973,0.9171122994652406,0.09137147
XGB,0.4472777394900069,0.9171122994652406,0.08931488
XGB,0.4472777394900069,0.9197860962566845,0.08928008
XGB,0.4631288766368022,0.9197860962566845,0.08550167
XGB,0.4631288766368022,0.9224598930481284,0.085391544
XGB,0.4651964162646451,0.9224598930481284,0.085254036
XGB,0.4651964162646451,0.9251336898395722,0.08497278
XGB,0.4672639558924879,0.9251336898395722,0.08454863
XGB,0.4672639558924879,0.9278074866310161,0.08442292
XGB,0.47139903514817366,0.9278074866310161,0.08379658
XGB,0.47139903514817366,0.93048128342246,0.083117165
XGB,0.4789800137835975,0.93048128342246,0.08096353
XGB,0.4789800137835975,0.9331550802139037,0.080881074
XGB,0.48587181254307377,0.9331550802139037,0.07937618
XGB,0.48587181254307377,0.9358288770053476,0.07931023
XGB,0.4879393521709166,0.9358288770053476,0.079022616
XGB,0.4879393521709166,0.9385026737967914,0.0788113
XGB,0.5065472088215024,0.9385026737967914,0.07578193
XGB,0.5065472088215024,0.9411764705882353,0.07573157
XGB,0.50723638869745,0.9411764705882353,0.07547964
XGB,0.50723638869745,0.9438502673796791,0.07516667
XGB,0.5141281874569262,0.9438502673796791,0.073814586
XGB,0.5141281874569262,0.946524064171123,0.07354279
XGB,0.5306685044796692,0.946524064171123,0.06991316
XGB,0.5306685044796692,0.9491978609625669,0.06982484
XGB,0.5327360441075121,0.9491978609625669,0.069007166
XGB,0.5327360441075121,0.9518716577540107,0.068851106
XGB,0.5685733976567884,0.9518716577540107,0.06392695
XGB,0.5685733976567884,0.9545454545454546,0.0637241
XGB,0.5830461750516885,0.9545454545454546,0.06151285
XGB,0.5830461750516885,0.9572192513368984,0.061420333
XGB,0.5920055134390075,0.9572192513368984,0.06013841
XGB,0.5920055134390075,0.9598930481283422,0.059960566
XGB,0.6092350103376981,0.9598930481283422,0.05714672
XGB,0.6092350103376981,0.9625668449197861,0.057009254
XGB,0.6106133700895934,0.9625668449197861,0.056316018
XGB,0.6106133700895934,0.9652406417112299,0.056259505
XGB,0.642315644383184,0.9652406417112299,0.051614825
XGB,0.642315644383184,0.9679144385026738,0.05152957
XGB,0.6492074431426602,0.9679144385026738,0.050433896
XGB,0.6492074431426602,0.9705882352941176,0.05043102
XGB,0.658855961405927,0.9705882352941176,0.04902234
XGB,0.658855961405927,0.9732620320855615,0.049014512
XGB,0.7133011716057891,0.9732620320855615,0.040071856
XGB,0.7133011716057891,0.9759358288770054,0.039785556
XGB,0.7222605099931082,0.9759358288770054,0.03826526
XGB,0.7222605099931082,0.9812834224598931,0.038169295
XGB,0.7339765678842178,0.9812834224598931,0.03698336
XGB,0.7339765678842178,0.983957219251337,0.03696198
XGB,0.8180565127498277,0.983957219251337,0.027847843
XGB,0.8180565127498277,0.9866310160427807,0.027793122
XGB,0.8497587870434183,0.9866310160427807,0.024195336
XGB,0.8497587870434183,0.9893048128342246,0.024099052
XGB,0.8807718814610613,0.9893048128342246,0.020873027
XGB,0.8807718814610613,0.9919786096256684,0.020867452
XGB,0.9097174362508614,0.9919786096256684,0.017372001
XGB,0.9097174362508614,0.9946524064171123,0.017353656
XGB,0.9407305306685044,0.9946524064171123,0.014702576
XGB,0.9407305306685044,0.9973262032085561,0.014687684
XGB,1.0,0.9973262032085561,0.0074107577
XGB,1.0,1.0,0.0062000137
